id,directory,qnum,isbn,pagenum,keywords,DBsubject,DBchapter,DBsection
itos,ft-06-LabReport,q12.pg,,,Newton's law of cooling,Precalculus,Exponential and logarithmic expressions and functions,Applications and models - radioactive decay
fnhi,gm-08-LabReport,q09.pg,,,spherical trigonometry,Trigonometry,Triangle trigonometry,Applications of special triangles & right triangles
uvup,gm-07-LabReport,q15.pg,,,spherical trigonometry,Trigonometry,Triangle trigonometry,Applications of special triangles & right triangles
ibql,ft-06-LabReport,q01.pg,,,Newton's law of cooling,Precalculus,Exponential and logarithmic expressions and functions,Applications and models - radioactive decay
mzsg,fs-09-LabReport,q13.pg,0256126518,220,confidence interval for variance or standard deviation,Statistics,Confidence intervals,Variance
alll,fs-09-LabReport,q14.pg,0256126518,220,confidence interval for variance or standard deviation,Statistics,Confidence intervals,Variance
beli
kbff
vonl
qido
keac
rboj
cver
ukud
fliu
kwpk
vzto
qmyj
pyds
hfje
khwc
thzk
oitc
fnue
kwrp
ojmb
ywdb
chyn
hmdr
tqlc
loqu
vnpt
ecay
wvgl
rgnr
dcbi
nkfa
wwiz
knlx
xzmz
ynbr
qwwy
ehqw
axgy
uefr
flzp
btzc
ppgv
mufb
pscc
ujxn
pggr
qppb
wljc
bqdv
hsel
curg
safy
yjys
nucq
hjfk
fqrp
yqxb
ijld
ltbt
updo
mopi
tbus
ntzu
bwgj
uqyt
hmbe
werq
edfk
ztqo
oljg
tuun
nqpj
xdfq
qhjo
fgle
gvev
text
tynp
kyvp
iwsu
kpdf
qgxc
oqrk
yzdd
ydyk
whub
majl
cpko
hucy
nhre
essx
lltq
bmag
lvls
